Daily Time Spent on Site,Age,Area Income,Daily Internet Usage,Male,Clicked on Ad
64.12,48,58107.83,214.25,0,1
57.18,65,58544.29,297.06,0,1
77.67,57,54807.48,207.41,0,1
76.23,37,75369.14,208.15,1,1
89.18,27,29522.6,127.31,1,0
83.45,40,72726.59,176.19,1,0
34.06,43,79512.73,152.25,1,1
60.72,58,58972.12,253.35,1,0
61.38,25,35782.2,221.44,1,1
86.9,50,34679.13,292.87,0,1
54.21,55,44519.05,227.58,1,0
59.66,24,67264.21,271.96,0,1
82.85,57,59316.48,179.77,0,1
44.71,20,26376.52,284.69,0,0
74.0,37,72296.67,298.6,1,0
66.25,56,68894.05,203.46,1,1
89.6,25,46845.85,117.48,0,1
69.77,43,35566.07,145.45,1,0
79.04,60,48109.39,140.14,1,0
74.4,56,21401.06,210.76,1,0
33.38,53,29403.77,143.78,0,0
47.48,53,25103.71,200.49,0,0
50.07,41,56123.5,257.44,1,1
70.91,19,39621.48,279.51,0,0
31.76,54,67452.51,214.84,0,1
67.4,37,76984.42,290.02,0,1
47.06,20,62092.29,293.09,1,0
54.59,53,75796.25,157.63,1,1
42.54,41,63405.07,230.68,0,0
88.52,49,29294.0,186.98,0,1
64.28,34,59602.69,246.42,1,0
56.8,22,40437.42,297.69,1,0
49.18,63,35380.09,187.04,1,0
48.57,42,24189.72,193.81,1,0
49.22,47,38487.77,270.64,1,1
87.98,26,20662.28,272.03,1,0
79.49,56,33851.36,179.69,0,0
76.72,51,60378.37,191.45,0,0
68.63,61,53112.66,165.15,0,1
63.77,41,21682.6,261.38,1,0
74.75,48,62337.1,266.35,1,0
50.57,29,46072.87,178.28,0,0
53.56,22,22011.24,227.83,1,1
62.86,48,61547.98,158.26,0,0
87.07,31,50034.66,111.67,0,0
42.76,25,65980.15,113.88,0,0
57.41,49,65572.4,172.31,1,1
77.83,25,36520.26,291.32,0,0
88.78,20,59387.22,117.21,0,0
36.71,59,70134.84,136.73,1,1
80.32,38,53659.38,195.92,0,1
51.6,58,45225.48,160.81,0,0
57.37,60,38537.4,216.54,0,0
59.11,44,74933.6,205.3,0,1
39.32,65,36499.17,294.87,1,1
45.3,30,74630.74,217.21,1,1
79.89,48,60188.39,266.78,0,1
77.16,33,68115.28,188.71,0,1
48.57,57,74758.18,130.92,1,1
55.27,43,20314.44,198.99,1,1
88.38,34,66774.92,174.9,0,1
64.01,52,38583.26,228.13,0,0
50.28,26,77566.16,154.37,0,0
45.71,44,57192.77,257.0,1,0
34.54,48,40317.38,162.85,1,0
71.77,40,53330.42,107.98,0,1
36.47,65,46090.68,262.5,1,0
51.48,63,21549.73,287.1,0,1
49.61,27,40908.8,166.55,0,0
47.73,50,46914.43,235.47,1,0
78.37,57,71372.15,150.57,0,0
72.67,62,25485.99,183.17,1,0
66.33,61,51738.92,203.39,0,0
45.66,31,69908.91,220.95,0,0
60.94,44,27616.77,230.65,0,1
75.77,60,60284.71,270.21,0,1
77.45,33,25154.04,247.58,0,1
79.3,38,32780.16,211.4,1,0
48.33,61,38385.83,146.02,1,1
41.67,30,22332.58,167.56,0,0
43.93,58,61143.1,136.68,1,1
47.01,25,69626.9,171.56,1,1
83.21,64,29756.57,232.42,1,1
66.06,52,77811.9,127.8,1,1
63.84,45,54175.9,233.15,0,1
81.78,20,26234.99,294.71,1,0
43.42,33,27113.93,247.48,0,1
73.76,48,30277.38,175.36,0,0
39.29,18,43986.16,161.34,1,0
78.33,18,42683.62,107.06,0,1
47.32,43,45960.19,245.86,0,1
60.13,36,44059.38,158.59,1,1
51.72,50,52456.09,172.35,0,1
48.53,18,24859.08,109.45,0,1
61.85,48,46632.55,258.23,0,1
41.2,18,42295.87,259.67,1,0
67.85,33,75782.92,106.75,0,1
47.79,53,79118.01,293.22,0,0
75.37,48,26435.47,290.22,0,1
71.02,40,59114.13,212.12,1,0
36.3,61,56850.6,230.51,0,0
66.35,56,48289.57,242.0,1,1
81.56,53,48212.06,208.72,1,1
36.55,58,24757.73,144.73,1,1
50.07,54,41315.51,181.97,0,0
44.15,35,57725.39,270.82,1,1
56.64,59,76376.28,140.58,0,0
77.14,31,20257.98,230.67,0,0
30.24,36,51587.74,255.51,0,0
54.45,36,23182.46,138.46,1,0
48.2,56,49756.42,142.6,1,0
43.29,41,68702.28,156.07,1,1
73.65,40,62229.2,142.89,1,0
37.61,48,54192.65,133.4,0,1
76.75,18,46893.35,264.71,1,0
84.9,37,45093.07,297.81,0,1
30.96,57,68355.77,133.94,0,0
36.16,30,22104.65,179.07,0,1
62.63,41,25673.55,190.9,1,1
30.14,22,78869.13,263.04,1,0
62.78,45,27442.45,140.76,1,1
53.15,34,68401.81,113.11,0,1
49.82,27,27855.29,230.0,0,1
59.93,44,67919.47,115.74,0,1
30.32,36,55814.75,249.78,1,1
81.21,57,41490.07,165.3,0,0
35.55,50,58998.4,294.84,1,0
80.82,27,21648.65,148.8,1,1
50.89,46,64921.7,172.14,1,0
78.46,63,20162.12,207.79,0,0
31.89,24,61779.84,207.55,0,1
46.83,20,76572.81,198.61,1,0
52.27,56,69349.77,102.34,0,1
78.63,40,78355.97,288.87,1,1
39.53,43,24325.65,267.47,0,0
34.81,33,49143.92,218.93,0,1
58.17,36,66889.12,297.44,1,1
80.48,34,65763.37,161.62,1,1
62.53,24,57203.55,199.21,1,1
35.18,31,72037.9,176.3,1,1
78.29,55,76097.83,134.4,1,0
55.6,41,28278.25,283.52,0,1
78.52,20,68636.69,127.05,1,1
46.63,59,52056.61,231.11,0,1
44.67,60,78555.68,162.73,0,1
82.93,63,76398.66,109.68,1,0
82.34,51,52717.83,180.68,0,1
89.44,57,50552.26,189.66,1,0
46.98,24,43523.29,244.66,1,1
62.79,49,61498.42,103.31,1,0
60.19,19,43465.02,196.49,0,0
33.0,28,64678.9,136.04,0,1
42.76,60,35417.76,282.68,0,1
35.21,58,66667.71,234.94,1,1
48.08,36,52496.86,286.74,0,0
39.93,50,76353.94,187.43,1,0
44.39,45,75014.68,145.84,0,1
79.26,63,71623.09,244.29,0,1
55.79,55,61611.59,115.08,0,1
59.62,40,68074.24,188.58,1,0
32.65,38,76104.69,155.12,0,0
82.25,36,59763.69,122.81,0,0
38.99,19,53638.53,232.65,1,0
68.75,59,74406.68,199.72,1,0
64.02,44,78776.06,180.99,1,1
71.6,35,72574.74,111.46,0,0
63.76,30,79294.84,290.7,1,0
68.24,44,42092.42,272.55,1,0
38.39,65,53517.05,151.44,0,1
50.66,36,50658.55,172.41,0,1
88.93,44,48466.91,197.4,0,0
73.01,34,58913.34,259.76,1,1
81.6,24,49516.25,106.01,1,1
61.81,42,63380.97,106.54,1,0
32.68,36,20136.12,143.75,0,0
50.07,19,55336.35,101.92,1,0
70.08,49,60182.45,253.49,0,0
66.01,31,32877.66,135.07,1,0
85.12,33,34194.18,257.93,0,0
60.78,29,36246.52,249.86,0,0
78.46,23,35810.35,291.23,1,0
68.33,46,51874.36,141.75,1,0
46.54,58,68133.74,279.37,0,1
37.55,63,53854.28,243.79,0,1
80.74,21,53840.85,125.36,1,1
83.32,27,31439.98,202.45,0,1
60.59,45,46367.85,257.46,1,0
69.23,36,79075.08,250.89,1,1
87.29,33,66385.57,115.09,0,0
43.07,52,55530.44,164.2,0,0
72.78,55,34780.71,215.88,0,0
89.45,55,28421.68,237.51,0,0
34.62,37,53739.04,263.77,0,1
31.79,22,71859.17,231.27,0,1
32.23,57,20216.36,222.58,0,1
56.32,64,34366.35,270.05,1,0
88.11,22,20677.85,161.02,0,1
78.34,57,63253.13,274.67,1,1
73.02,19,43729.04,193.24,0,0
85.12,62,48905.98,221.62,1,0
34.42,55,53306.13,252.99,1,0
66.26,52,25538.99,297.77,1,0
77.47,26,44322.29,158.8,0,0
77.81,56,63604.31,234.75,0,1
48.46,20,45985.41,271.37,1,0
83.98,50,69781.97,116.45,0,1
84.65,60,30492.87,248.96,1,0
80.29,22,48351.1,195.32,1,0
43.78,20,37266.67,251.46,1,0
83.53,29,67955.76,278.92,0,0
30.95,29,50521.54,219.06,1,1
31.1,41,78743.1,122.75,1,0
47.76,21,21678.45,177.8,0,1
85.25,61,47944.76,241.11,1,0
48.99,64,29711.13,287.1,1,1
55.01,53,56330.65,193.16,0,1
38.45,23,42621.56,102.53,1,0
85.6,56,52151.79,233.87,0,1
35.31,19,53737.61,146.4,0,0
72.4,53,38434.34,297.19,0,0
77.81,45,32412.94,188.65,1,0
44.7,35,49860.09,108.43,1,1
50.82,59,39736.18,232.28,1,1
75.34,59,20787.05,280.24,0,1
68.18,46,52334.91,187.99,0,0
48.33,50,62945.26,145.73,0,1
43.95,20,32806.87,263.78,1,1
61.54,46,45171.37,173.55,0,1
45.45,24,33728.96,275.24,1,0
45.54,23,32930.13,283.58,1,1
44.49,33,55250.62,211.44,0,0
66.85,19,45461.44,243.72,0,1
54.4,62,51184.7,181.65,1,0
84.56,22,48747.55,292.06,0,0
36.97,31,68086.55,253.55,0,0
84.09,20,76634.69,252.28,1,0
85.15,62,28523.74,115.87,1,0
59.79,25,78945.27,298.37,1,0
66.36,23,70585.38,176.82,1,1
46.39,57,32836.67,145.91,1,0
34.31,46,29490.34,189.19,0,1
41.18,65,40032.79,214.22,0,0
52.81,40,34045.88,280.23,0,0
87.24,53,79621.97,270.78,1,1
58.43,40,24851.43,143.67,1,1
46.6,45,63608.46,188.06,0,1
59.63,33,26401.41,108.82,1,1
44.78,32,34316.62,188.85,1,1
80.57,48,54083.23,153.72,0,0
32.04,26,61513.36,223.4,0,0
59.11,21,38036.81,164.47,1,1
42.74,45,22510.97,252.73,0,0
69.71,42,47384.51,136.5,0,0
61.13,35,75447.23,190.89,0,0
59.14,21,66625.12,152.79,1,0
61.99,19,77481.39,206.21,1,0
66.98,56,67107.66,179.12,0,1
83.22,36,26134.88,120.0,0,1
88.5,41,28079.96,203.21,0,0
32.98,56,79924.42,242.84,1,0
51.76,55,47123.27,167.68,1,0
88.85,22,62978.73,150.82,1,1
71.01,23,68486.92,193.36,1,1
70.81,45,51562.27,200.42,0,0
60.89,52,60608.75,166.5,1,1
67.13,51,50757.99,228.22,0,1
52.73,33,33969.31,153.59,1,1
84.03,45,22774.27,244.28,1,1
77.86,26,76475.59,258.28,0,1
65.99,22,23126.64,293.92,0,1
65.45,57,79710.9,200.15,1,1
82.52,47,34466.16,148.25,1,0
38.51,46,40996.87,211.64,1,0
48.91,45,69214.26,290.86,1,1
49.03,36,77282.23,138.35,1,0
54.3,41,75175.54,221.69,1,1
61.55,55,79046.43,114.45,0,1
61.66,40,38827.48,132.38,1,1
75.73,50,31821.64,270.02,0,0
47.55,43,51279.98,221.13,1,0
57.22,24,42849.48,196.34,1,1
82.68,57,23337.74,270.47,0,1
79.61,20,66723.24,223.55,1,1
37.03,65,28359.86,112.97,0,1
32.57,62,25888.38,265.51,0,0
43.75,34,71008.5,123.52,0,0
76.12,42,25103.25,188.63,1,1
72.83,36,70783.65,165.28,0,0
64.15,35,70813.88,135.25,0,0
63.65,38,31694.51,257.02,0,0
85.54,22,27288.1,226.14,1,0
55.94,45,48457.21,149.04,1,0
82.78,63,76098.01,279.44,1,0
66.74,20,42003.54,246.95,0,0
43.21,35,30249.11,205.35,1,0
50.25,65,22330.01,247.35,1,0
68.41,54,43197.84,194.27,1,0
81.77,26,63170.71,297.22,0,1
65.25,46,33931.61,249.52,0,0
59.83,55,25347.37,252.76,1,0
65.47,44,54728.56,154.5,1,0
52.27,38,52163.22,158.95,1,1
34.04,62,54832.68,241.96,0,0
41.35,58,66187.77,155.13,0,1
32.89,61,65343.08,221.72,1,1
32.6,41,28943.16,233.31,0,1
68.95,40,70509.93,292.9,0,1
67.3,24,44642.39,187.82,0,1
48.49,63,79971.23,167.48,0,1
32.33,63,60603.64,226.35,1,1
70.42,28,62983.41,268.51,0,0
65.17,44,44077.3,158.09,0,0
41.44,61,62553.56,239.0,0,0
52.61,28,46798.39,101.08,1,0
56.11,60,27719.99,108.15,1,0
30.41,40,37341.06,214.66,0,1
74.48,32,48116.49,237.73,0,0
82.45,51,43304.65,214.31,1,1
31.53,19,79673.12,212.49,1,1
38.17,59,25497.55,229.46,1,0
33.1,18,43232.27,240.36,0,1
36.75,47,46609.56,260.92,0,0
53.83,64,79951.24,217.22,1,1
61.25,58,76198.1,185.65,1,1
47.87,31,21582.96,140.99,0,0
68.8,29,57769.0,153.35,0,1
87.33,45,48843.92,172.7,0,0
79.29,64,72787.78,148.94,0,1
57.04,26,47004.24,191.74,0,0
75.05,29,28404.88,204.25,0,1
46.81,40,50853.65,272.51,0,0
86.06,29,76672.26,111.41,1,0
68.11,63,70996.26,147.25,1,0
32.72,54,41980.23,260.27,1,1
47.44,18,64082.13,287.83,1,1
41.96,27,70454.03,175.84,0,1
55.9,19,69758.75,202.69,1,1
53.61,46,28390.1,122.84,1,0
30.08,50,56935.84,139.69,1,0
48.29,32,78676.96,122.95,0,0
78.41,24,68579.35,260.59,1,0
68.8,30,33873.95,169.41,0,0
73.59,47,25024.15,237.97,1,0
86.02,18,53300.32,207.5,0,1
88.05,19,65098.71,198.36,1,1
48.5,22,36068.76,116.45,0,1
87.95,22,60559.05,192.82,1,1
82.23,49,44127.46,239.08,1,1
83.61,56,68643.83,246.5,0,1
61.09,38,72821.82,204.31,0,0
36.29,20,53507.6,191.72,0,1
33.99,65,28674.45,119.79,0,0
53.76,59,56037.39,138.79,1,1
54.1,63,38957.22,211.26,1,0
75.72,27,48657.91,242.48,0,0
89.61,43,62312.62,168.42,0,0
72.14,63,55853.21,174.5,1,0
85.76,26,54064.29,144.84,1,0
47.67,36,22568.62,147.39,0,0
49.82,57,28494.74,100.64,1,1
58.79,61,43237.4,227.63,1,0
60.32,55,67517.14,279.82,1,0
33.63,47,62812.4,288.94,0,0
31.87,29,70414.97,225.27,1,1
52.44,44,71575.76,259.53,1,1
89.96,55,78106.22,295.5,0,0
53.64,51,23709.86,299.78,1,0
45.89,25,39378.05,244.88,1,1
50.45,32,62072.09,164.4,1,1
64.5,63,57556.41,282.69,0,0
41.2,25,22029.8,269.26,0,0
75.98,50,63917.43,276.35,0,1
32.85,25,58707.21,217.78,1,0
54.1,18,22531.8,235.58,0,1
55.65,42,53078.14,142.27,0,1
61.84,56,41954.79,221.84,0,1
60.42,58,38283.64,267.26,0,0
47.61,58,56125.58,180.15,1,0
41.14,59,24982.96,110.98,1,0
49.36,51,35744.23,148.43,1,0
53.81,62,65961.68,208.56,1,0
41.38,52,50537.82,157.43,1,1
84.54,45,27964.67,230.78,1,0
47.79,23,56047.73,188.35,0,0
68.82,30,24934.1,122.82,0,1
42.53,59,75441.3,159.15,1,1
30.69,36,77151.64,142.65,0,0
74.49,46,31060.09,110.66,0,1
78.21,28,39328.4,148.42,1,1
36.59,25,59481.33,145.13,0,0
81.9,33,48805.27,164.7,1,1
52.76,26,31170.12,182.85,0,0
37.52,61,32259.82,121.92,0,1
54.55,62,54185.67,215.75,1,0
62.08,20,50064.24,126.64,0,1
78.73,21,45284.59,131.03,0,1
51.89,59,52250.96,135.19,1,0
36.66,30,40416.93,256.01,1,1
41.93,42,53569.62,289.27,1,1
40.24,48,25988.68,258.35,0,0
48.32,51,67019.04,123.47,0,1
53.1,45,53462.04,195.41,0,0
87.79,65,45791.88,201.54,0,1
62.15,52,23428.59,118.23,0,1
55.04,46,65698.94,239.07,0,0
52.98,60,48958.66,137.0,0,0
62.03,26,63213.66,279.31,1,1
86.44,35,77878.74,102.38,1,0
63.01,53,54930.85,259.03,0,0
66.05,51,47763.29,154.42,1,0
46.38,60,69740.61,231.98,1,1
54.07,20,43440.89,250.75,1,1
65.33,28,21696.88,126.62,0,1
89.09,46,26057.65,178.25,1,0
42.68,29,25934.51,226.42,0,0
44.66,28,21124.23,145.35,0,1
43.43,20,57637.04,115.82,1,0
55.87,60,35780.59,131.93,0,0
83.95,27,74400.55,200.14,1,0
42.71,60,20325.47,292.65,1,1
82.01,29,77531.48,171.84,1,1
44.15,18,35162.62,239.65,1,0
87.04,63,30668.92,127.47,0,1
58.15,24,56782.92,156.96,1,0
38.23,55,65553.07,183.44,1,1
62.8,20,25181.48,119.37,1,1
40.84,59,24712.42,269.79,1,1
77.02,63,36739.42,124.04,1,1
70.57,38,79728.56,106.26,1,0
40.96,47,67700.99,219.37,0,0
51.31,35,48274.73,136.2,1,0
88.13,26,61268.72,140.6,0,1
41.49,21,52102.96,142.64,1,1
65.71,39,69008.31,264.78,1,1
57.26,32,71747.5,131.29,1,1
63.75,60,32474.04,276.37,1,0
67.97,19,48223.07,238.31,1,0
84.32,52,46010.91,198.08,0,1
54.01,46,49622.64,235.63,0,0
68.91,39,50300.71,181.96,1,1
35.16,26,47406.19,266.94,1,0
47.98,38,62185.48,203.61,1,0
86.22,49,40071.65,203.42,1,0
58.32,42,39371.55,126.08,0,1
49.83,27,58370.35,128.58,0,1
71.4,28,56672.52,118.39,0,1
77.33,47,22172.27,199.79,0,1
64.61,44,55633.05,202.52,0,0
72.68,22,25382.54,255.11,0,1
60.0,49,26350.91,253.37,1,0
41.75,50,76799.82,283.62,1,1
70.64,54,27779.82,253.71,0,0
71.7,56,66838.06,221.44,1,1
58.18,18,75420.26,289.76,0,0
36.69,55,35125.77,127.8,1,0
47.18,54,55250.98,111.39,0,1
55.51,44,56907.05,226.85,0,1
52.47,53,65400.68,157.73,0,1
47.15,23,22738.51,167.86,0,1
88.12,59,36642.33,109.72,1,1
81.36,20,65704.22,120.31,0,0
45.92,56,20003.71,204.92,0,0
80.23,24,65901.85,155.9,0,1
39.5,59,55735.09,166.9,0,1
74.96,59,67680.16,266.52,1,0
38.32,21,36793.59,157.89,1,1
84.76,46,46958.73,134.83,0,0
63.42,19,67049.53,127.07,0,0
89.07,28,24333.15,189.13,1,0
33.92,20,28100.6,120.15,1,1
47.29,50,57798.9,118.18,0,0
37.9,51,27807.64,165.32,1,1
34.3,25,78977.4,261.11,1,1
62.5,58,32773.93,102.05,0,0
39.43,18,71228.6,140.45,1,1
64.64,42,53010.68,172.41,0,0
59.29,38,67325.61,162.43,1,1
64.06,32,51561.74,238.64,1,1
61.76,43,33975.01,258.44,1,0
41.25,61,53016.04,263.08,1,0
79.94,48,37198.05,294.64,0,0
69.76,61,41429.65,194.58,1,1
70.96,33,51342.41,216.69,0,0
77.0,29,28333.01,132.84,0,1
56.08,56,71650.83,171.08,0,1
40.07,46,61991.51,190.13,1,0
69.33,38,52356.42,174.93,0,0
61.37,40,66977.24,144.53,0,1
75.65,29,22700.47,228.75,0,1
50.59,43,46961.36,269.1,0,0
32.5,27,65915.44,125.34,1,1
32.1,43,68692.75,174.08,0,1
72.64,51,77952.17,243.05,0,0
35.03,23,41550.61,181.77,1,1
60.19,28,58611.73,171.77,1,0
71.36,52,32056.0,248.0,1,0
59.26,32,47457.5,264.93,0,1
41.91,62,38123.89,245.2,0,1
89.09,47,44789.96,205.54,1,0
50.1,61,78071.25,274.47,1,1
77.91,36,22958.53,273.75,0,1
64.22,60,79687.71,216.32,0,0
48.27,46,41521.04,120.72,1,0
46.77,42,65015.16,268.02,0,1
78.91,34,29202.71,221.48,1,1
61.96,21,77145.92,116.13,0,1
74.03,35,74127.7,126.65,0,0
81.59,50,34463.15,145.78,0,1
67.73,63,48116.15,115.55,1,1
75.92,47,68215.5,104.19,0,1
45.55,62,47850.28,183.68,1,1
55.76,19,73332.02,277.83,0,1
40.4,27,77866.57,203.6,1,0
48.25,53,66432.11,287.77,1,0
57.16,43,36364.05,285.09,0,1
31.69,33,57945.76,210.56,0,1
72.46,45,58218.7,206.41,1,1
32.48,37,76935.05,164.73,1,1
86.68,41,68258.94,183.57,0,1
82.35,57,48699.56,229.9,1,0
80.11,25,34354.25,204.85,0,1
52.53,40,33341.14,212.14,0,1
43.46,21,66150.69,181.37,0,1
45.43,21,72389.16,186.18,1,0
44.4,45,77499.77,226.86,1,0
46.56,37,55561.49,153.37,1,0
87.55,37,38285.56,152.19,0,0
82.29,24,37235.75,108.7,0,0
71.33,65,20578.67,146.78,1,0
63.83,62,51402.89,100.3,0,0
41.37,39,62110.76,207.98,0,0
66.69,44,23751.0,135.25,0,0
54.89,63,39963.27,122.15,1,1
45.85,60,47128.95,267.55,1,1
30.98,22,79092.28,286.33,0,0
83.8,34,76338.46,155.26,0,0
66.17,51,34622.09,179.89,0,1
60.64,26,56636.34,190.54,0,1
47.34,54,41118.02,277.19,1,1
84.52,52,60687.82,239.19,0,1
63.9,32,31241.97,167.0,0,1
62.88,48,21524.67,124.29,0,0
85.99,36,79602.11,228.01,0,0
60.82,19,57954.55,126.46,0,0
42.14,22,31733.15,267.05,1,1
86.15,49,66116.52,110.5,0,0
41.56,26,40311.56,237.57,0,1
78.9,21,71485.5,184.93,0,0
83.04,41,69173.16,236.51,0,0
86.91,57,61718.03,149.37,1,1
71.79,45,52437.16,104.93,0,1
41.36,22,40162.08,291.52,1,1
35.83,63,47936.58,133.66,1,1
73.93,55,52017.01,262.82,0,0
86.81,65,66233.52,282.85,1,1
60.72,47,49407.39,186.18,1,0
49.73,44,75191.45,274.59,0,1
67.66,62,36136.99,104.87,0,0
58.01,41,30356.65,215.23,0,0
67.85,58,31681.62,298.32,1,0
83.12,36,27490.97,183.66,0,1
38.79,26,46901.32,172.63,0,0
42.91,54,57067.77,111.47,0,1
47.88,60,70660.81,114.05,1,1
87.3,48,60195.86,184.7,1,0
57.35,43,62011.36,112.73,1,0
54.17,40,49021.51,156.59,0,0
79.92,19,30487.93,154.52,1,1
56.22,57,27855.28,181.98,0,1
41.9,20,62185.89,103.22,0,0
55.67,47,76480.26,166.93,0,0
63.8,42,20858.09,259.58,1,1
79.32,57,22616.66,199.21,0,0
57.14,50,36620.52,165.92,0,1
33.26,28,20207.32,286.5,1,0
36.31,30,58102.48,204.0,1,1
70.61,41,26356.74,194.41,0,0
57.92,51,76969.84,101.21,1,1
32.11,24,25228.35,122.37,0,0
81.92,35,56464.95,266.74,0,0
68.22,52,77129.58,101.69,1,0
45.13,48,21308.47,273.43,0,1
53.83,63,45665.91,109.94,0,1
67.56,37,57159.26,289.8,1,1
84.68,21,28496.49,284.52,0,0
36.4,48,72816.78,249.11,0,0
40.95,32,42245.56,184.89,1,1
70.91,58,40927.58,114.15,1,0
36.8,48,68924.75,166.72,0,0
68.72,45,60114.48,169.5,1,1
74.75,42,37771.27,281.58,1,1
77.13,27,55052.3,122.46,0,1
87.0,24,48979.81,176.48,1,1
79.75,46,64007.28,277.57,1,1
87.91,41,71162.84,118.41,0,1
69.64,37,60715.63,205.68,1,0
86.72,45,38674.64,143.77,1,1
50.21,57,28047.3,105.52,1,0
56.48,55,79047.84,281.53,0,0
55.69,42,41793.39,151.62,1,0
72.0,55,65585.93,118.73,1,0
35.63,27,47780.86,260.03,0,0
79.51,39,21054.98,259.2,0,1
51.1,49,77117.93,155.19,0,1
58.1,35,66271.46,149.63,0,1
44.27,54,51432.04,135.24,0,1
52.47,37,38375.71,158.82,0,1
44.97,26,52680.69,217.68,1,0
43.82,57,26662.13,244.22,1,0
84.64,20,44834.82,167.51,1,1
64.35,26,45851.97,100.05,1,0
63.47,57,39456.67,285.01,0,1
47.17,39,70870.88,217.41,1,1
60.43,27,22259.77,162.34,0,1
51.07,60,49934.12,179.74,0,0
84.95,36,61335.68,149.63,0,1
47.14,61,50207.23,292.09,1,0
49.91,25,28957.6,106.71,1,1
67.35,18,73634.68,256.05,1,0
54.5,24,27722.78,134.54,1,1
41.95,43,26324.72,257.08,0,1
80.52,62,75078.86,180.2,0,0
77.08,46,60342.02,292.96,1,0
45.43,62,55124.0,282.25,1,0
83.94,20,54897.55,196.46,1,1
73.53,65,76753.25,170.95,1,0
37.16,61,58292.14,114.91,0,1
82.83,20,66316.12,198.6,1,0
84.01,46,38074.21,164.43,0,0
66.01,43,59148.65,291.49,1,1
30.75,56,31786.77,299.84,1,1
61.24,23,54324.17,133.09,1,0
68.26,65,57890.71,147.2,0,1
59.58,49,67124.35,123.57,1,1
33.7,55,34419.69,210.53,0,0
49.0,42,20087.89,191.44,0,0
70.7,34,35843.01,191.57,1,1
86.76,55,50405.97,107.96,1,1
36.75,53,45916.46,229.75,0,0
49.24,46,21153.62,107.27,0,1
47.88,49,54520.14,168.79,1,1
69.47,57,28219.56,208.25,0,1
81.59,34,42502.25,127.22,1,1
53.17,50,29458.59,109.88,0,1
36.99,64,75813.12,219.12,1,1
37.78,23,44833.25,145.11,0,0
72.73,43,63969.84,259.25,1,0
63.17,52,47918.96,142.2,0,1
64.78,38,33439.83,115.36,0,1
53.64,53,49577.78,156.03,1,0
41.74,62,45433.76,265.8,0,0
77.01,18,29775.8,218.2,0,0
70.29,62,72942.53,240.18,1,0
72.75,26,45128.33,243.34,0,0
76.67,64,31573.35,166.05,0,0
51.39,65,52212.21,240.25,0,0
43.98,37,64541.23,279.93,1,0
43.59,45,53830.22,182.28,1,0
82.75,54,76270.08,166.18,0,1
74.69,50,33489.9,238.58,1,0
60.94,51,41906.86,151.54,1,0
87.13,46,61357.46,281.96,1,0
37.4,62,61542.45,206.66,0,1
61.25,54,33045.62,224.19,0,0
57.49,61,56107.03,168.58,0,0
84.12,22,22316.69,124.45,0,0
83.59,26,78840.9,235.2,0,0
36.01,40,47430.55,155.52,0,1
87.94,56,22503.36,145.36,1,1
48.98,51,51901.95,213.91,1,1
37.47,28,50183.53,149.36,1,0
81.38,62,45094.63,133.03,1,1
67.25,20,38392.39,131.05,0,0
61.96,33,65634.7,212.88,1,0
53.15,43,27979.99,291.85,0,1
68.36,47,62938.63,117.92,0,1
84.8,58,77907.14,134.72,0,0
65.38,50,41251.57,103.83,0,1
47.2,29,32484.12,224.04,0,0
44.33,57,48818.15,205.87,1,0
71.46,63,53735.39,144.93,0,1
86.29,53,77419.88,213.31,0,0
57.49,30,38532.81,144.55,1,0
55.21,22,28441.91,248.38,1,0
61.52,35,53772.73,297.44,1,1
88.45,50,43648.32,142.08,1,1
43.03,28,47863.4,247.93,1,0
43.08,44,21183.49,119.75,0,0
54.67,53,35533.26,246.06,1,0
38.94,42,56032.38,144.22,1,0
42.98,25,32103.16,286.86,1,1
89.7,62,52932.06,114.17,1,1
85.85,34,43075.31,294.05,0,1
37.63,39,47807.16,273.81,1,1
68.35,64,79235.07,155.24,0,1
45.23,49,28459.65,274.25,0,1
40.44,50,29021.1,148.75,0,1
43.57,22,23401.13,152.3,1,0
40.37,40,31124.56,112.55,0,0
63.63,27,29940.37,100.67,1,0
38.92,27,24154.07,187.3,0,1
73.38,35,41815.83,137.78,1,1
38.29,40,47956.7,287.59,1,1
73.64,59,53841.72,142.88,0,0
53.02,37,48906.18,190.01,1,1
88.86,32,54277.94,201.29,0,1
79.52,62,53139.68,222.15,1,1
73.92,34,65698.69,251.58,0,1
78.53,62,30909.8,257.05,0,1
81.79,40,45941.12,162.2,1,0
87.22,54,71946.82,131.42,0,0
81.82,31,67924.86,212.63,0,1
42.66,39,73084.35,147.11,0,1
85.49,39,51984.26,170.19,1,1
82.52,33,25135.72,244.92,0,1
81.44,45,37086.35,145.96,1,1
88.16,65,43328.04,223.69,0,0
84.73,59,65577.98,201.0,0,0
78.83,62,44531.56,228.82,1,0
47.3,42,30619.63,111.36,1,1
58.54,49,71357.88,210.54,1,0
72.08,62,36428.65,269.09,1,1
82.32,22,73438.6,295.96,1,0
80.16,51,22887.16,272.73,0,1
51.61,49,35573.03,234.22,1,1
71.7,28,77486.88,235.07,1,1
31.68,34,38756.73,212.45,1,0
48.58,35,66590.89,250.12,1,1
63.92,18,24027.28,217.21,0,0
77.99,50,75614.06,118.81,1,1
85.28,38,22872.34,186.74,1,1
65.09,35,54016.38,159.56,0,0
66.25,58,75403.69,275.06,0,1
58.06,41,25826.83,249.69,1,0
69.7,50,70129.96,292.89,0,1
82.05,63,74890.0,116.66,0,0
50.59,39,62717.54,276.59,1,1
66.98,34,61341.26,157.29,0,1
36.62,65,77939.17,204.22,1,0
73.11,22,32461.99,293.11,0,1
53.45,38,47067.33,221.94,1,1
54.51,19,51489.85,279.5,0,0
71.12,61,54891.53,284.2,1,0
37.08,44,22971.46,119.45,0,1
68.87,20,58501.04,299.54,0,0
51.84,35,28001.77,144.65,1,1
42.94,63,69253.77,241.22,0,0
88.21,27,25039.48,239.18,0,0
73.65,45,58115.01,227.92,1,0
36.08,44,75971.2,218.08,1,1
79.35,28,73872.49,269.99,0,0
86.64,60,47080.51,202.17,0,0
89.65,63,76393.51,181.13,1,1
59.23,62,40339.67,220.38,0,0
85.94,36,39959.09,102.25,0,1
75.37,64,24683.93,133.95,0,1
73.55,31,54868.17,103.41,1,1
72.47,38,57204.06,242.52,1,1
50.48,57,38399.26,248.1,1,0
48.49,40,34882.79,111.33,0,0
68.63,64,67069.16,261.05,0,1
46.12,51,21461.56,143.36,0,0
85.61,48,22250.09,221.24,0,1
79.81,20,44690.19,250.36,0,1
34.43,29,31922.27,244.34,1,0
43.04,37,39396.43,288.43,0,1
54.94,56,21155.23,115.11,1,1
87.36,44,53895.19,122.55,1,0
30.8,50,44622.7,143.83,1,0
80.16,35,68768.85,289.31,0,1
77.95,51,62684.31,128.61,0,0
32.13,30,46743.54,238.8,1,0
86.78,61,71826.67,107.4,0,0
74.24,50,20612.62,139.87,0,1
70.11,32,69493.79,143.88,0,1
30.54,33,57173.99,243.74,0,0
34.3,52,39912.21,264.51,1,1
60.38,57,62826.55,287.15,0,0
35.6,41,58108.61,249.53,1,1
30.7,64,37568.76,170.15,1,1
89.17,35,37020.32,116.76,1,0
61.91,53,43024.4,154.55,0,0
30.88,47,27741.53,270.59,0,0
48.13,27,35929.21,146.94,1,1
33.54,33,20911.06,161.27,0,0
31.13,38,62491.3,248.9,1,0
66.59,46,63381.54,109.28,0,0
52.91,31,21939.44,111.07,0,0
40.9,49,54245.65,103.22,1,0
55.93,35,34555.93,214.86,0,0
60.68,24,46139.22,246.88,0,1
60.01,19,31973.08,181.03,0,1
47.94,52,41859.08,176.09,1,1
66.03,42,68375.37,101.75,1,0
45.5,50,78870.33,256.33,1,1
53.69,52,21874.22,249.44,1,1
31.26,52,33102.06,290.17,1,0
43.4,18,77497.08,158.11,1,0
67.07,44,23967.38,292.05,0,1
89.39,32,34054.45,138.9,1,1
65.39,32,34249.38,151.62,1,1
62.8,54,79769.27,159.04,1,0
74.42,24,52085.8,225.22,1,0
58.64,28,29571.91,141.69,1,0
36.27,40,54832.7,280.26,0,1
82.78,28,52979.25,216.03,1,0
43.08,30,52101.61,291.97,0,1
37.42,43,36897.76,106.26,0,0
75.74,61,61844.79,258.38,0,0
82.41,27,46188.41,190.65,0,1
89.89,46,62249.2,104.39,0,0
63.63,26,23446.86,168.92,0,1
43.83,62,41273.0,136.82,0,1
74.89,52,71965.24,298.74,1,1
48.85,57,21349.28,250.52,0,1
50.67,45,23645.57,132.79,1,1
49.24,65,25803.12,127.51,0,1
62.46,47,52371.27,215.51,0,1
61.31,26,72846.87,179.43,0,0
82.2,63,34746.53,251.59,0,0
84.35,19,75065.32,268.1,0,0
76.61,63,32958.62,289.22,0,1
38.33,52,58399.51,148.99,1,0
71.99,29,74902.67,138.34,0,0
73.0,49,23292.04,265.76,1,1
79.91,28,60768.42,211.21,1,0
35.85,27,40870.63,164.67,0,1
67.28,37,21447.87,169.26,0,1
79.52,48,45740.08,225.98,1,1
39.84,32,58811.65,135.13,1,1
84.73,23,70644.82,244.34,0,1
34.45,58,35091.34,233.21,0,1
73.93,47,35836.16,159.1,0,1
61.51,50,79709.71,230.34,0,1
70.95,33,54628.29,109.3,1,1
77.05,44,52756.39,295.15,1,0
88.37,49,48085.59,275.85,0,1
60.49,19,52574.7,282.28,1,0
61.9,58,71054.96,127.62,1,0
47.17,25,36625.8,275.02,1,1
47.36,34,30878.59,217.99,1,0
82.07,25,27824.67,212.17,0,0
52.8,27,64485.54,210.4,0,0
80.26,51,31021.72,155.2,1,1
77.07,32,55653.35,187.61,1,1
72.13,36,51218.0,102.77,1,1
64.36,63,36905.13,250.58,0,1
44.2,32,51641.99,292.32,0,1
76.78,27,45628.87,140.61,0,1
40.97,27,42569.29,121.79,0,0
42.42,57,74349.77,105.76,0,0
51.73,47,76479.22,113.65,1,0
81.12,22,46952.09,157.82,1,1
31.58,42,48617.41,247.02,0,1
60.3,32,42536.72,151.91,1,1
51.1,59,53004.43,298.62,1,1
75.72,48,59932.29,230.99,1,1
83.96,29,56813.79,255.45,0,1
89.94,45,29064.91,270.46,1,1
78.76,47,21307.56,201.36,1,1
36.6,51,77389.05,164.88,1,1
87.77,51,21072.42,151.06,0,1
56.14,49,52512.73,298.47,0,0
79.41,33,27492.11,266.62,1,0
46.27,24,27192.27,101.48,1,1
60.42,57,56652.82,286.12,1,1
65.68,57,37855.62,194.34,1,1
84.72,22,50821.44,241.73,0,0
60.41,59,63963.18,257.76,0,0
39.2,19,38122.4,206.47,0,0
45.33,46,66628.06,143.37,0,0
58.2,49,34974.86,271.93,0,1
67.51,26,26456.03,175.9,1,0
59.88,52,31249.23,177.06,1,1
50.73,52,33222.53,270.47,0,1
77.68,45,67610.32,181.68,0,1
53.7,33,57902.34,153.46,0,1
80.79,56,58692.07,298.09,1,0
45.12,40,73980.81,177.36,1,1
33.72,64,51026.41,102.22,0,1
36.78,46,40343.66,122.11,1,0
74.22,35,24263.5,258.39,1,0
83.42,52,37695.7,119.86,0,0
51.25,57,69757.62,215.76,0,1
70.11,62,21299.96,101.38,1,0
47.41,25,71252.69,242.5,0,0
76.58,60,54774.85,255.39,0,0
48.08,63,74732.67,269.94,1,0
50.89,29,21993.05,133.77,0,1
62.9,23,59947.84,208.92,0,0
74.2,52,66920.25,105.66,0,1
50.46,51,58410.77,153.82,1,1
44.03,45,76918.68,254.34,0,0
88.51,28,66095.55,146.82,1,1
73.79,49,21813.93,219.83,1,1
86.04,54,72635.89,266.5,1,1
88.83,31,41495.5,171.9,1,0
69.84,62,72733.59,284.64,1,1
51.53,62,53136.75,101.34,0,1
37.26,47,34537.65,241.29,1,1
30.22,34,24177.21,250.21,1,1
70.59,50,26866.95,265.4,1,1
80.61,40,24738.35,187.36,1,0
36.52,51,40854.15,173.54,0,0
34.28,33,34593.33,235.64,1,0
45.9,54,26561.09,154.97,1,1
67.1,47,30971.56,221.17,1,1
77.24,20,57681.5,260.59,1,1
51.85,27,34417.05,269.04,1,1
86.15,47,45954.58,197.05,0,1
86.59,18,44397.26,198.05,0,1
48.83,34,28782.37,192.18,0,1
39.35,42,42004.42,164.64,0,0
89.5,63,74091.76,274.43,0,0
80.4,46,45491.3,231.41,1,1
87.08,31,38017.62,254.27,0,0
39.06,59,20938.13,252.6,0,1
43.83,61,66999.5,117.76,0,0
73.27,58,47499.32,169.25,0,0
62.56,45,49175.27,109.91,0,0
87.38,55,77304.49,252.21,1,1
76.81,42,39177.86,157.79,1,1
77.26,22,42266.65,247.1,0,1
84.32,57,55771.65,225.64,1,1
72.33,65,57299.9,124.73,1,1
71.08,51,65971.79,141.06,1,1
86.07,20,26835.81,247.02,1,1
82.19,28,47294.56,142.3,1,0
56.44,43,48183.97,116.41,1,0
33.78,42,72320.66,112.71,1,0
67.13,60,61616.83,101.52,1,0
61.14,38,41240.88,252.59,0,1
47.9,61,45290.69,171.79,0,1
33.25,33,34780.93,102.67,1,1
31.66,62,67306.27,182.12,1,0
42.99,56,58644.98,180.99,1,1
43.34,48,39847.31,116.84,0,1
56.86,46,74605.53,128.65,1,0
67.49,39,37194.52,200.99,1,0
44.51,26,21557.19,260.01,0,0
33.66,46,52562.92,181.83,1,0
38.31,43,73338.24,227.27,1,1
35.44,56,68954.72,268.55,0,0
34.09,34,33861.19,197.47,0,0
76.05,27,30154.6,136.0,1,1
44.67,64,77723.33,285.14,0,0
74.5,35,75946.09,164.37,1,0
63.35,20,50345.7,112.77,0,1
58.95,55,66059.4,104.65,1,1
47.3,50,24505.6,161.97,0,0
35.05,40,26457.96,104.07,1,1
56.59,44,24580.46,136.99,1,0
40.66,50,25583.73,288.77,0,0
62.48,22,23744.34,201.74,0,0
83.47,57,38765.67,163.78,1,0
43.56,63,72748.42,213.27,0,1
79.07,58,36746.48,266.41,0,0
51.32,19,42532.57,112.28,0,1
73.64,38,38590.99,141.47,0,1
81.73,65,57963.18,247.89,1,0
43.41,27,27691.03,133.77,1,1
53.58,36,49079.22,149.34,1,1
79.85,51,33245.21,237.02,0,0
88.07,40,56996.49,143.36,0,0
88.65,33,26692.39,146.05,0,0
80.11,65,36396.7,251.52,1,1
43.01,51,49111.84,183.57,1,1
36.27,24,21316.12,285.87,0,0
58.38,54,40417.81,123.82,0,0
42.98,18,38329.46,258.84,1,0
48.15,61,27427.46,149.68,1,1
49.79,59,35970.98,293.69,1,0
69.11,32,52235.34,156.65,0,0
38.28,55,33319.5,176.07,1,1
78.03,65,26329.33,186.49,0,0
59.92,58,62993.49,198.3,0,1
89.87,49,59737.02,167.79,0,1
49.97,52,54130.94,269.74,0,0
67.16,32,63370.96,217.32,0,1
48.64,34,76268.07,285.27,1,0
87.57,18,48435.93,136.37,0,1
88.02,45,41727.99,146.3,0,0
60.06,61,48768.13,111.88,1,1
37.77,19,47235.26,181.09,1,0
82.81,61,49146.48,155.46,0,1
82.13,60,47664.26,279.54,1,0
40.53,18,65859.89,167.2,1,1
82.97,33,39134.7,106.01,0,0
38.2,57,24692.25,246.88,1,1
86.86,36,70082.37,239.5,1,0
54.24,53,55792.4,250.13,1,1
37.24,43,57319.91,216.07,1,0
54.26,63,58463.7,247.82,1,0
44.58,35,27492.51,283.82,1,1
51.62,37,78077.3,184.87,0,0
35.19,29,50529.45,207.22,0,0
61.44,52,49537.65,223.87,1,1
42.56,18,63516.39,207.33,1,1
78.68,19,75352.73,132.97,1,1
72.08,32,40558.65,166.72,0,1
